{
    "name": "root",
    "gauges": {
        "ArcadeDriver.Policy.Entropy.mean": {
            "value": 1.073586344718933,
            "min": 1.059180498123169,
            "max": 2.1656856536865234,
            "count": 100
        },
        "ArcadeDriver.Policy.Entropy.sum": {
            "value": 10735.86328125,
            "min": 10591.8046875,
            "max": 21884.25390625,
            "count": 100
        },
        "ArcadeDriver.Environment.EpisodeLength.mean": {
            "value": 999.0,
            "min": 78.97478991596638,
            "max": 999.0,
            "count": 100
        },
        "ArcadeDriver.Environment.EpisodeLength.sum": {
            "value": 9990.0,
            "min": 8137.0,
            "max": 10966.0,
            "count": 100
        },
        "ArcadeDriver.Step.mean": {
            "value": 999977.0,
            "min": 9965.0,
            "max": 999977.0,
            "count": 100
        },
        "ArcadeDriver.Step.sum": {
            "value": 999977.0,
            "min": 9965.0,
            "max": 999977.0,
            "count": 100
        },
        "ArcadeDriver.Policy.ExtrinsicValueEstimate.mean": {
            "value": 30.70193099975586,
            "min": 5.012965679168701,
            "max": 30.798641204833984,
            "count": 100
        },
        "ArcadeDriver.Policy.ExtrinsicValueEstimate.sum": {
            "value": 4912.30908203125,
            "min": 887.294921875,
            "max": 4975.3271484375,
            "count": 100
        },
        "ArcadeDriver.Environment.CumulativeReward.mean": {
            "value": 306.7565284729004,
            "min": 2.56459004400658,
            "max": 308.0025059700012,
            "count": 100
        },
        "ArcadeDriver.Environment.CumulativeReward.sum": {
            "value": 3067.565284729004,
            "min": 305.186215236783,
            "max": 3293.423079967499,
            "count": 100
        },
        "ArcadeDriver.Policy.ExtrinsicReward.mean": {
            "value": 306.7565284729004,
            "min": 2.56459004400658,
            "max": 308.0025059700012,
            "count": 100
        },
        "ArcadeDriver.Policy.ExtrinsicReward.sum": {
            "value": 3067.565284729004,
            "min": 305.186215236783,
            "max": 3293.423079967499,
            "count": 100
        },
        "ArcadeDriver.IsTraining.mean": {
            "value": 1.0,
            "min": 1.0,
            "max": 1.0,
            "count": 100
        },
        "ArcadeDriver.IsTraining.sum": {
            "value": 1.0,
            "min": 1.0,
            "max": 1.0,
            "count": 100
        },
        "ArcadeDriver.Losses.PolicyLoss.mean": {
            "value": 0.03559676222503185,
            "min": 0.026626538848116374,
            "max": 0.04360918036351601,
            "count": 97
        },
        "ArcadeDriver.Losses.PolicyLoss.sum": {
            "value": 0.03559676222503185,
            "min": 0.026626538848116374,
            "max": 0.04360918036351601,
            "count": 97
        },
        "ArcadeDriver.Losses.ValueLoss.mean": {
            "value": 1.3563793549935024,
            "min": 0.23315389876564344,
            "max": 6.2404910246531164,
            "count": 97
        },
        "ArcadeDriver.Losses.ValueLoss.sum": {
            "value": 1.3563793549935024,
            "min": 0.23315389876564344,
            "max": 6.2404910246531164,
            "count": 97
        },
        "ArcadeDriver.Policy.LearningRate.mean": {
            "value": 6.894996552999956e-07,
            "min": 6.894996552999956e-07,
            "max": 0.0001979486010257,
            "count": 97
        },
        "ArcadeDriver.Policy.LearningRate.sum": {
            "value": 6.894996552999956e-07,
            "min": 6.894996552999956e-07,
            "max": 0.0001979486010257,
            "count": 97
        },
        "ArcadeDriver.Policy.Epsilon.mean": {
            "value": 0.10034469999999998,
            "min": 0.10034469999999998,
            "max": 0.1989743,
            "count": 97
        },
        "ArcadeDriver.Policy.Epsilon.sum": {
            "value": 0.10034469999999998,
            "min": 0.10034469999999998,
            "max": 0.1989743,
            "count": 97
        },
        "ArcadeDriver.Policy.Beta.mean": {
            "value": 2.7200529999999892e-05,
            "min": 2.7200529999999892e-05,
            "max": 0.00494881757,
            "count": 97
        },
        "ArcadeDriver.Policy.Beta.sum": {
            "value": 2.7200529999999892e-05,
            "min": 2.7200529999999892e-05,
            "max": 0.00494881757,
            "count": 97
        }
    },
    "metadata": {
        "timer_format_version": "0.1.0",
        "start_time_seconds": "1693846018",
        "python_version": "3.7.16 (default, Jan 17 2023, 16:06:28) [MSC v.1916 64 bit (AMD64)]",
        "command_line_arguments": "C:\\Users\\DAWN\\anaconda3\\envs\\my_env\\Scripts\\mlagents-learn kart_config.yaml --run-id=custom-track-3-agent-1",
        "mlagents_version": "0.29.0",
        "mlagents_envs_version": "0.29.0",
        "communication_protocol_version": "1.5.0",
        "pytorch_version": "1.13.1+cpu",
        "numpy_version": "1.21.2",
        "end_time_seconds": "1693848551"
    },
    "total": 2533.6469504,
    "count": 1,
    "self": 0.02274360000001252,
    "children": {
        "run_training.setup": {
            "total": 0.22618209999999994,
            "count": 1,
            "self": 0.22618209999999994
        },
        "TrainerController.start_learning": {
            "total": 2533.3980247,
            "count": 1,
            "self": 4.6369847000451045,
            "children": {
                "TrainerController._reset_env": {
                    "total": 16.9159984,
                    "count": 1,
                    "self": 16.9159984
                },
                "TrainerController.advance": {
                    "total": 2511.7842481999555,
                    "count": 201352,
                    "self": 4.313233300040338,
                    "children": {
                        "env_step": {
                            "total": 2163.3533308999013,
                            "count": 201352,
                            "self": 1876.0252738998279,
                            "children": {
                                "SubprocessEnvManager._take_step": {
                                    "total": 284.2954018000844,
                                    "count": 201352,
                                    "self": 12.982203400113917,
                                    "children": {
                                        "TorchPolicy.evaluate": {
                                            "total": 271.3131983999705,
                                            "count": 200021,
                                            "self": 63.19977729992195,
                                            "children": {
                                                "TorchPolicy.sample_actions": {
                                                    "total": 208.11342110004853,
                                                    "count": 200021,
                                                    "self": 208.11342110004853
                                                }
                                            }
                                        }
                                    }
                                },
                                "workers": {
                                    "total": 3.0326551999890192,
                                    "count": 201352,
                                    "self": 0.0,
                                    "children": {
                                        "worker_root": {
                                            "total": 2517.151625400021,
                                            "count": 201352,